Year,Position,Team_Name,Bed Number,Category,Time
2024,1,GH Brooks men,1,Mf,13:02.9
2024,2,Knaresborough Striders Men's Team,3,Mf,13:27.6
2024,3,Nidd Valley Men's,2,Mf,13:44.2
2024,4,Harrogate Harriers Grumpy Old Folk,8,Mf,15:03.8
2024,5,The Half Moon Pub,4,Mf,15:15.6
2024,6,Welly Wheelers,6,Mf,15:50.8
2024,7,Parkrunners,10,Xf,16:01.3
2024,8,Riverside Runners,7,Mf,16:02.6
2024,9,Raworths Solicitors,22,Mf,16:35.8
2024,10,Harrogate Harriers Harmony Energy Run Harrogate 10k,9,Xf,16:37.7
2024,11,Crag Rats,5,Mf,16:38.3
2024,12,St John Fisher's Catholic High School,18,Mf,16:42.5
2024,13,Ripon Runners Ladies,28,Ff,16:48.0
2024,14,Knaresborough RUFC,13,Mf,16:55.1
2024,15,Guardian Alarms,14,Mf,16:56.8
2024,16,Scotton Scorchers,23,Mf,17:01.7
2024,17,Wetherby Runners,11,Xf,17:30.9
2024,18,Knaresborough Striders Ladies,34,Ff,17:37.7
2024,19,The Night Caps,19,Mf,17:44.5
2024,20,Envirovent,30,Mf,17:52.5
2024,21,Hymas Hobblers (Old Guys!),16,Mf,17:53.5
2024,22,Monkton Meanderers,27,Xf,18:01.3
2024,23,Welly Wheelies,31,Ff,18:06.4
2024,24,HG Consulting Engineers,46,Me,18:18.3
2024,25,Consultio/ Consultius,15,Mf,18:25.3
2024,26,1st Knaresborough Scouts,35,Mf,18:43.9
2024,27,DOGS (Dads of Goldsborough School),24,Me,18:54.7
2024,28,Dazzling Bobbies,21,Xf,18:55.3
2024,29,The Rocket Men,37,Me,18:55.3
2024,30,Knaresborough St Johns Parents,51,Xe,19:00.8
2024,31,Ripon Runners All mixed up,29,Xf,19:19.6
2024,32,FBC Harrogate,40,Xe,19:39.2
2024,33,Welly Wheelettes,43,Ff,19:42.3
2024,34,Aurora's Army,20,Mf,20:02.8
2024,35,Nidd Valley Ladies,33,Ff,20:05.2
2024,36,The Groaning Grimbald Gazelles,25,Me,20:15.7
2024,37,The Mount School,36,Fe,20:18.8
2024,38,HACS 01,38,Me,20:22.7
2024,39,Aspin PTA (Parents),53,Xe,20:25.1
2024,40,Piccadilly Players,41,Me,20:29.2
2024,41,Menwith Hill,44,Me,20:29.6
2024,42,Aspin Avengers,48,Xe,20:42.1
2024,43,Nidd Valley Junior Mixed Team,17,Xf,20:49.6
2024,44,Knaresborough Revolution,42,Me,21:02.0
2024,45,Saint Michael's Hospice,56,Xe,21:12.1
2024,46,Birstwith Bashers,66,Xe,21:12.4
2024,47,Tewit Youth Band,61,Xe,21:29.3
2024,48,Piccadilly Plodders,49,Xe,22:11.7
2024,49,EBRC Knaresborough,45,Xe,22:16.1
2024,50,Fountains Abbey and Brimham Rocks,59,Xe,22:30.4
2024,51,DMfitness,47,Xe,22:33.4
2024,52,Knaresborough St Johns Teachers,52,Xe,22:34.6
2024,53,Harrogate Roundtable,63,Me,23:16.4
2024,54,Harrogate Symphony Orchestra,64,Xe,23:19.1
2024,55,Scrambled Legs,60,Me,23:57.1
2024,56,HACS 02,39,Me,23:57.2
2024,57,Midlife Crisis,65,Me,24:11.0
2024,58,Knaresborough Silver Band,55,Xe,24:14.4
2024,59,All Saints C of E Primary School Kirkby Overblow,70,Xe,24:23.2
2024,60,Meadowside Masters,68,Xe,24:33.3
2024,61,1st Scriven Scout Group,50,Jx,25:09.9
2024,62,Knaresborough Air Cadets,67,Xf,25:17.6
2024,63,Flaxby Flyers,58,Me,25:20.3
2024,64,Aspin PTA (Staff),54,Xe,25:29.2
2024,65,North Yorkshire Horizons,74,Xe,25:49.8
2024,66,The Hatchlings,81,Xe,26:31.6
2024,67,Welly Warriors,62,Xf,26:51.4
2024,68,Once more into the fray,75,Me,27:07.9
2024,69,Switalskis Solicitors,78,Xe,27:13.1
2024,70,Taylors of Harrogate,72,Xe,27:28.8
2024,71,GT Flyers,57,Me,27:43.8
2024,72,Horsforth St Margaret's Primary School,86,Fe,28:24.4
2024,73,Nidd Valley Mixed Number 2,32,Xe,28:26.8
2024,74,MOGS (Mums of Goldsborough School),77,Fe,28:37.8
2024,75,Armed Forces Fitness,76,Me,28:38.1
2024,76,Fontus,83,Xe,29:52.0
2024,77,Manor preschool,82,Xe,29:53.8
2024,78,Evolve Psychology,90,Fe,30:08.7
2024,79,Meadowside Mavericks,69,Xe,30:17.7
2024,80,New Park Pacers,87,Fe,31:08.5
2024,81,Titanators (Titan Private Wealth Ltd),73,Xe,31:46.5
2024,82,HOPS,79,Xe,31:58.6
2024,83,Hard Caw Warriors #1,84,Xe,33:18.2
2024,84,Twisted Blisters,88,Fe,33:27.4
2024,85,Where there's a wheel there's a way,89,Fe,34:38.8
2024,86,Innovate Fitness & Wellbeing,85,Fe,34:51.7
2024,87,Stray Runners,80,Xe,35:05.3
2024,88,Henchshaws,26,Xe,36:46.0
2024,89,Headingley Sports Club,12,Mf,37:17.3
2024,90,The Knaresborough Inn,71,Xe,DNF
2023,1,GH Brooks Men,1,Mf,13:05.0
2023,2,Ripon Runners Men,2,Mf,13:23.0
2023,3,GH Brooks 2,10,Mf,14:29.0
2023,4,Early Bird Run Crew Harrogate,7,Mf,15:05.0
2023,5,The Half Moon,8,Mf,15:17.0
2023,6,Nidd Valley Men,4,Mf,15:20.0
2023,7,Nidd Valley Junior Runners,9,Jmf,15:20.0
2023,8,Welly Wheelers,6,Mf,15:28.0
2023,9,The Forest School,13,Mf,15:43.0
2023,10,Riverside Runners,15,Mf,16:18.0
2023,11,Harrogate Harriers - Grumpy Old Folk,14,Mf,16:31.0
2023,12,Park Runners,19,Xf,16:56.0
2023,13,Stockeld Stags,18,Mf,17:13.0
2023,14,Knaresborough Rugby Club,12,Mf,17:20.0
2023,15,Welly Wheeners,17,Xf,17:36.0
2023,16,Guardian Alarms,11,Mf,17:48.0
2023,17,Consultio / Consultius,21,Mf,17:58.0
2023,18,St John Fisher's Catholic High School,20,Mf,18:08.0
2023,19,Blue Bullet Flyers,26,Mf,18:10.0
2023,20,Nidd Valley Mixed Junior Runners,30,Jx,18:18.0
2023,21,Run Forrest Run!,23,Mf,18:36.0
2023,22,Raworth Solicitors,60,Me,18:37.0
2023,23,Scotton Scorchers,25,Mf,18:38.0
2023,24,Brimhams Active,16,Mf,18:40.0
2023,25,Monkton Meanderers,34,Xe,18:50.0
2023,26,Ripon Runners Ladies,24,Ff,18:50.0
2023,27,Harrogate Town AFC Community Foundation,35,Xe,18:51.0
2023,28,Nidd Valley Clownettes,31,Ff,18:57.0
2023,29,HACS1,39,Me,19:06.0
2023,30,Piccadilly Players,27,Mf,19:12.0
2023,31,Knaresborough Striders Ladies,70,Ff,19:16.0
2023,32,1st Knaresborough Scouts,58,Me,19:28.0
2023,33,The Wanderers,38,Xe,19:47.0
2023,34,The Rocket Men,22,Mf,19:48.0
2023,35,Nidd Valley Show Girls,37,Ff,20:16.0
2023,36,King James's School (6th Form),65,Me,20:17.0
2023,37,Piston Broke,55,Xe,20:25.0
2023,38,Knaresborough Revolution,69,Mf,20:30.0
2023,39,Welley Wheelettes,41,Ff,20:31.0
2023,40,FOKSJ B Team,47,Xe,20:32.0
2023,41,DMfitness,36,Xe,21:01.0
2023,42,FOKSJ A Team,46,Xe,21:19.0
2023,43,Aspin Avengers,54,Xe,21:19.0
2023,44,Aspin Owls,43,Xe,21:27.0
2023,45,Piccadilly Plodders,51,Xe,21:33.0
2023,46,1st Scriven Scouts,68,Jx,21:49.0
2023,47,Schofield Fitness,33,Me,21:56.0
2023,48,Knaresborough Silver Band,53,Me,22:06.0
2023,49,HACS2,40,Me,22:13.0
2023,50,KJS Year 10,81,Me,22:17.0
2023,51,Saint Michael's Hospice,93,Xe,22:19.0
2023,52,HGS Science,52,Xf,22:32.0
2023,53,Morrisons,86,Xe,22:40.0
2023,54,Fountains Abbey and Brimham Rocks,83,Xe,22:52.0
2023,55,Scrambled Legs,74,Me,22:52.0
2023,56,Henchshaws,84,Xe,22:56.0
2023,57,Tewit Youth Band,82,Jx,22:59.0
2023,58,Knaresborough Striders Joggers,91,Xe,23:06.0
2023,59,Welly Warriors,42,Mf,23:09.0
2023,60,Harrogate Roundtable,75,Me,23:12.0
2023,61,Harrogate Symphony Orchestra,66,Xe,23:12.0
2023,62,Turner's Tearaways,77,Me,23:17.0
2023,63,Feather Smailes Scales,45,Xf,23:36.0
2023,64,Meadowside Maidens,50,Xe,23:52.0
2023,65,Make It Wild,95,Xe,23:54.0
2023,66,Knaresborough Air Cadets,73,Jx,24:03.0
2023,67,All Saints Primary School Kirkby Overblow,62,Xe,24:11.0
2023,68,Aspin Angels,44,Xe,24:13.0
2023,69,Scared Sheetless,32,Me,24:31.0
2023,70,Meadowside Malingers,49,Xe,24:37.0
2023,71,Menwith Hill,72,Xe,24:38.0
2023,72,Juggernauts,67,Xe,25:16.0
2023,73,Taylors,87,Xe,25:22.0
2023,74,Live For Today,61,Xe,25:36.0
2023,75,North Yorkshire Horizons,96,Xe,26:02.0
2023,76,Northern Monk,85,Xe,26:03.0
2023,77,MOGS,90,Fe,26:05.0
2023,78,RHS Harlow Carr,88,Xe,26:15.0
2023,79,Bedder Late Than Never,57,Xe,26:27.0
2023,80,Switalskis,92,Fe,26:35.0
2023,81,Ain't nothing but a work crew,64,Me,26:57.0
2023,82,HOPS,59,Xe,27:01.0
2023,83,The Hookstone Chasers,80,Xe,27:03.0
2023,84,Armed Forces Fitness (AFF),78,Xe,27:04.0
2023,85,The Lightfoot Light Feet,56,Xe,27:22.0
2022,1,GH Brooks Men,1,Mf,12:59.3
2022,2,Ripon Runners Men,3,Mf,13:36.5
2022,3,Knaresborough Striders Men,2,Mf,13:53.6
2022,4,Nidd Valley Men's A,4,Mf,14:11.0
2022,5,Flying Pullman,6,Xf,14:49.4
2022,6,Welly Wheelers,15,Mf,15:14.4
2022,7,Early Bird Run Crew Harrogate,10,Mf,15:20.3
2022,8,The Half Moon,7,Mf,15:33.9
2022,9,Nidd Valley Junior Runners,16,Jmf,15:37.0
2022,10,It's a COP-Out,23,Mf,15:40.1
2022,11,GH Brooks Mixed,8,Me,15:41.2
2022,12,Harrogate Tri Club,20,Mf,15:41.2
2022,13,Techbuyer,35,Mf,16:03.1
2022,14,Guardian Alarms,5,Mf,16:11.6
2022,15,Knaresborough Rugby Club,14,Mf,16:26.6
2022,16,The Forest School,24,Mf,16:39.4
2022,17,Harrogate Harriers Grumpy Old Folk,19,Mf,16:46.0
2022,18,Welly Wheeners,26,Xf,16:48.3
2022,19,Parkrunners,12,Xf,16:54.0
2022,20,St John Fisher's Catholic High School,55,Me,16:56.6
2022,21,Knaresborough Striders Mixed,25,Xf,17:09.8
2022,22,Nidd Valley Men's B,9,Mf,17:26.3
2022,23,Piccadilly Fillies,83,Fe,17:29.6
2022,24,Wetherby Runners AC,28,Mf,17:36.9
2022,25,Energy Personified,21,Mf,17:39.9
2022,26,Riverside Runners,17,Mf,17:48.9
2022,27,The Rocket Men,34,Me,17:49.4
2022,28,Supplies Web – Business Products and Services,22,Mf,17:50.0
2022,29,Welly Wheelies,37,Jff,17:57.8
2022,30,Ripon Runners Girls,27,Ff,18:03.4
2022,31,Scotton Scorchers JFC,18,Me,18:08.7
2022,32,SFC,13,Xf,18:09.5
2022,33,Blue Bullet Flyers,11,Mf,18:11.7
2022,34,Nidd Valley Ladies,29,Ff,18:25.4
2022,35,Oxfam,31,Me,18:37.7
2022,36,Piccadilly Players,49,Me,18:42.0
2022,37,Aspin Owlers,66,Xe,19:07.1
2022,38,Monkton Meanderers,59,Xf,19:08.0
2022,39,Harrogate Town AFC Community Foundation,51,Xf,19:09.9
2022,40,Blind Jack Explorer Scouts,30,Mf,19:18.8
2022,41,De Vere Hotels,58,Xe,19:21.1
2022,42,HACS2,45,Xe,19:24.1
2022,43,Meadowside Malingerers,32,Me,19:33.1
2022,44,HACS1,44,Me,19:35.6
2022,45,Welly Wheelettes,39,Ff,19:39.4
2022,46,FOKSJ A Team,68,Xe,19:49.3
2022,47,Knaresborough Silver Band,86,Me,19:49.8
2022,48,Aspin Avengers,40,Xe,19:56.1
2022,49,1st Knaresborough Scouts,63,Me,20:01.7
2022,50,Raworths,64,Me,20:09.7
2022,51,Hoyer,56,Me,20:35.0
2022,52,Harrogate Symphony Orchestra,76,Xe,20:37.0
2022,53,Juggernauts,53,Xe,20:38.1
2022,54,1st Scriven Scouts sponsored by AMEY,62,Me,20:54.3
2022,55,Knaresborough Revolution,50,Mf,21:01.1
2022,56,Ortial Technologies,78,Me,21:02.1
2022,57,Welly Warriors,38,Mf,21:10.1
2022,58,Badgered Into Running,42,Xf,21:36.7
2022,59,Dave's Dream Team,73,Xe,21:37.8
2022,60,Pelsis,46,Xf,21:41.3
2022,61,Aspin Angels,67,Xe,21:58.6
2022,62,Rogue Red Kite Runners,80,Fe,22:02.1
2022,63,Knaresborough Air Cadets,74,Jx,22:12.0
2022,64,FOKSJ B Team,69,Xe,22:19.4
2022,65,Scrambled Legs,79,Xe,22:31.8
2022,66,Harrogate Round Table,52,Me,23:00.8
2022,67,50 Shades of Green,70,Xe,23:03.6
2022,68,Turner's Tearaways,54,Me,23:18.6
2022,69,AFF (Armed Forces Fitness),41,Me,23:33.5
2022,70,Tewit Youth Band,61,Me,23:33.5
2022,71,HGATE Challengers,81,Fe,23:43.2
2022,72,Fountains Abbey and Brimham Rocks,65,Xe,23:51.1
2022,73,HENCHshaws,71,Xe,23:51.1
2022,74,St Michael's Hospice (North Yorkshire Hospice Care),85,Xe,24:07.4
2022,75,Meadowside Maidens,75,Fe,24:59.6
2022,76,Make It Wild,84,Xe,25:09.8
2022,77,RAF Menwith Hill,36,Xe,25:28.2
2022,78,Kate's Crew,82,Fe,25:34.4
2022,79,North Yorkshire Horizons,60,Xe,29:05.5
2019,1,GH Brooks Men,1,Mf,13:40.9
2019,2,Knaresborough Striders Men,3,Mf,14:38.0
2019,3,Ripon Runners Men,2,Mf,15:02.9
2019,4,Nidd Valley Men's A,4,Mf,15:09.0
2019,5,Guardian Alarms,8,Mf,15:50.3
2019,6,Flying Pullman,11,Xf,15:50.3
2019,7,The Half Moon,5,Mf,15:50.7
2019,8,David Lloyd Harrogate,7,Mf,16:00.1
2019,9,GH Brooks Pannal Mashups,66,Xf,16:03.6
2019,10,Oatlands Junior School - Men,9,Mf,16:12.4
2019,11,CNG1,16,Mf,16:20.5
2019,12,Nidd Valley Men's B,6,Mf,16:28.8
2019,13,Blue Bullet Flyers,14,Xf,16:43.9
2019,14,Parkrunners Mixed,15,Xf,16:49.8
2019,15,Knaresborough Rugby Club,10,Mf,16:49.8
2019,16,Welly Wheelers,55,Mf,16:56.5
2019,17,King James School,28,Mf,17:01.9
2019,18,The Plodders,17,Mf,17:21.4
2019,19,Scotton Scorchers JFC,26,Mf,17:23.6
2019,20,Harrogate Harriers Counting Sheep,13,Mf,17:31.4
2019,21,Pannal Dental Clinic,24,Mf,17:42.6
2019,22,Ripon Fire Station,12,Me,17:58.4
2019,23,Six Pack,22,Mf,18:09.1
2019,24,HACS1,47,Me,18:13.1
2019,25,Forest School,60,Me,18:16.2
2019,26,Welly Wheeners,45,Xf,18:27.4
2019,27,Stockeld Stags,46,Me,18:34.3
2019,28,Stray Blokes,59,Me,18:38.8
2019,29,Ripon Runners Girls,19,Ff,18:45.8
2019,30,Meadowside Malingerers,21,Me,18:45.9
2019,31,Oatlands Infant School,25,Mf,18:47.8
2019,32,JPz Mini Disciples of Fitness,34,Jmf,18:58.6
2019,33,Stephenson's Rockets,18,Mf,19:14.2
2019,34,Ripon Runners Renegades,31,Xf,19:16.4
2019,35,The Rocket Men,20,Me,19:25.9
2019,36,Techbuyer,23,Mf,19:29.1
2019,37,RAF Menwith Hill,37,Me,19:39.0
2019,38,The Juggernauts,41,Mf,19:42.9
2019,39,Welly Wheelettes,32,Ff,20:04.4
2019,40,Aspin Avengers,44,Me,20:15.0
2019,41,Belzona A,27,Mf,20:37.6
2019,42,AFF,35,Xf,21:03.3
2019,43,Ripley Castle Stormers,29,Mf,21:04.2
2019,44,6th Gear,40,Xf,21:05.0
2019,45,CEG,58,Me,21:09.0
2019,46,Piccadilly Players,56,Xe,21:11.0
2019,47,Harrogate Round Table,33,Me,21:18.2
2019,48,Nidd Valley Mixed B,30,Xf,21:24.4
2019,49,Knaresborough Striders Ladies,43,Ff,21:27.8
2019,50,Team Nonno,64,Me,21:34.1
2018,1,GH Brooks,2,Mf,13:23.0
2018,2,Ripon Runners Men,1,Mf,14:07.6
2018,3,Knaresborough Striders Men,3,Mf,14:14.1
2018,4,The Half Moon,4,Mf,14:52.5
2018,5,Nidd Valley Men's B Team,8,Mf,15:05.3
2018,6,David Lloyd Harrogate,18,Mf,15:17.2
2018,7,Guardian Alarms,7,Mf,15:28.2
2018,8,Oatlands Junior School Men,9,Mf,15:32.4
2018,9,Hymas Blue Bullet Flyers,13,Mf,15:34.0
2018,10,Welly Wheelers,5,Mf,15:43.7
2018,11,Knaresborough Rugby Club,12,Mf,15:54.8
2018,12,St.John Fisher School,11,Mf,16:01.0
2018,13,Flying Pullman,6,Xf,16:09.7
2018,14,Ripon Fire Station,16,Mf,16:17.5
2018,15,Harrogate Harriers Miserable Old Veterans,33,Mf,16:20.3
2018,16,Parkrunners,14,Xf,16:23.2
2018,17,CNG,36,Mf,16:28.7
2018,18,The Plodders,22,Mf,16:45.0
2018,19,Stephenson's Rockets,10,Mf,16:49.1
2018,20,Ripon Runners Girls,23,Ff,17:02.7
2018,21,Mott MacDonald Leeds,15,Mf,17:08.4
2018,22,Pelsis Flyers,17,Mf,17:18.0
2018,23,Shipton's Shifters,29,Me,17:18.1
2018,24,The Rocket Men,19,Mf,17:26.5
2018,25,Meadowside Malingerers,26,Me,17:26.9
2018,26,Welly Wheeners,21,Xf,17:38.0
2018,27,Six Pack,20,Mf,17:41.3
2018,28,Bed Zeppelin,48,Mf,17:50.5
2018,29,CrossFit Harrogate,43,Xf,17:53.2
2018,30,Techbuyer Ltd,46,Mf,17:55.3
2018,31,Pannal Dental Clinic,34,Mf,17:58.0
2018,32,Mancraft,51,Me,18:01.0
2018,33,SESKU Little Un,52,Me,18:02.8
2018,34,Oatlands Infant School Team,44,Xe,18:07.6
2018,35,Welly Wheelettes,27,Ff,18:09.9
2018,36,Nidd Valley Ladies Team,56,Ff,18:13.8
2018,37,Harrogate Round Table,30,Mf,18:27.7
2018,38,JP's Mini Disciples,79,Jx,18:31.9
2018,39,AFF,58,Xf,18:33.5
2018,40,RAF Menwith Hill,40,Me,18:37.5
2018,41,Tewit Youth Band,55,Me,18:51.3
2018,42,Clarity Clodhoppers,39,Xf,18:58.8
2018,43,Knaresborough Striders Ladies,71,Ff,19:02.9
2018,44,HACS 1,37,Me,19:05.6
2018,45,Aspin Avengers,45,Me,19:05.9
2018,46,Piston Broke,67,Xe,19:12.2
2018,47,Saint John's PTA "B" Team,62,Xe,19:14.7
2018,48,1st Scriven Scouts sponsored by CNG,64,Jmf,19:24.6
2018,49,Knaresborough Strollers,32,Mf,19:31.3
2018,50,JP's Disciples of Fitness,24,Mf,19:32.8
2018,51,1st Knaresborough Scouts,63,Jx,19:33.0
2018,52,Dads of Goldsborough School,50,Me,19:33.4
2018,53,Welly Wheelies,59,Jx,19:33.8
2018,54,HACS 2,38,Me,19:36.9
2018,55,Harrison Spinks 1,72,Xf,19:42.8
2018,56,Piccadilly Players,57,Xf,19:44.2
2018,57,The Transplants,53,Me,19:53.6
2018,58,ifm electronic,54,Mf,19:56.0
2018,59,HMCA,87,Xe,19:56.7
2018,60,CEG,31,Mf,19:59.6
2018,61,The Froebelian Flyers!,60,Me,20:17.3
2018,62,Team Sanderson,83,Xe,20:29.2
2018,63,The Juggernauts,41,Mf,20:30.7
2018,64,Saint John's PTA "A" Team,61,Xe,20:33.3
2018,65,Harrison Spinks 2,73,Xf,20:35.1
2018,66,Turner's Tearaways,47,Mf,20:36.2
2018,67,Oatlands Junior School Ladies,42,Ff,20:38.5
2018,68,Taylors of Harrogate,49,Xe,20:52.0
2018,69,Meadowside Maidens,81,Fe,21:05.6
2018,70,Skylarks,65,Ff,21:13.2
2018,71,Scotton Scorchers,74,Jff,21:13.7
2018,72,Pelsis Rat Racers,85,Xe,21:14.4
2018,73,Rungs and Hoses,35,Me,21:16.2
2018,74,Over The Rainbows,82,Fe,21:25.7
2018,75,Mums on the Run,76,Fe,21:34.5
2018,76,Ladies On The Loose,84,Fe,21:42.4
2018,77,The Y.A.S. Lost Boys,69,Me,21:43.9
2018,78,Piccadilly Fillies,66,Ff,21:53.1
2018,79,Ortial Technologies Ltd,89,Xe,22:17.2
2018,80,Mowbray Magic,77,Xe,22:17.2
2018,81,Bedknobs & Broomsticks,70,Fe,22:18.0
2018,82,The JP Project,25,Xf,22:20.3
2018,83,HOPS - TEAM TOPHAT,90,Xe,22:22.3
2018,84,The Swiss Rolls,28,Mf,22:22.5
2018,85,Yorkshire Ambulance Service Charity,68,Me,23:00.1
2018,86,Straybirds,88,Fe,23:24.2
2018,87,Nidd Valley Zip 2 Zoomers,78,Ff,23:34.1
2018,88,Scrambled Legs,80,Xe,24:13.4
2018,89,Knaresborough Silver Band,75,Fe,28:12.8
2018,90,Harrogate Theatre,86,Me,DNF
2017,1,Ripon Runners Men,2,Mf,13:51.6
2017,2,GH Brooks,3,Mf,14:08.6
2017,3,Nidd Valley Men's A Team,4,Mf,14:09.0
2017,4,Knaresborough Striders Men,5,Mf,14:31.7
2017,5,The Half Moon,11,Mf,15:05.2
2017,6,Welly Wheelers,10,Mf,15:38.4
2017,7,Guardian Alarms,6,Mf,15:47.8
2017,8,Flying Pullman,8,Xf,15:50.5
2017,9,Nidd Valley Men's B Team,7,Mf,15:54.1
2017,10,Stephenson's Rockets,12,Mf,16:11.0
2017,11,St John Fishers,21,Mf,16:11.5
2017,12,The Deer Hunters,26,Mf,16:26.7
2017,13,Knaresborough Rugby Club,9,Mf,16:26.8
2017,14,Parkrunners,27,Xf,16:43.7
2017,15,Harrogate Rugby Racers,16,Jmf,16:47.7
2017,16,Blue Bullet Flyers,15,Mf,16:48.9
2017,17,The Hairy Fairies,25,Mf,17:01.9
2017,18,Mott MacDonald Leeds,24,Mf,17:02.8
2017,19,Flying Mechanics,13,Mf,17:04.1
2017,20,Pelsis Flyers,20,Mf,17:11.4
2017,21,The Rocket Men,37,Mf,17:20.1
2017,22,Sentinel Sprinters,54,Me,17:26.3
2017,23,Six Pack,14,Mf,17:28.4
2017,24,Welly Wheeners,23,Xf,17:30.6
2017,25,The Plodders,19,Mf,17:34.1
2017,26,JP's Disciples of Fitness,18,Xf,17:38.2
2017,27,Ripon Runners Girls,17,Ff,17:48.0
2017,28,Green-Tech Ltd,28,Mf,17:54.5
2017,29,Meadowside Malingerers,33,Me,17:56.8
2017,30,Welly Wheelettes,32,Ff,17:59.0
2017,31,Procter & Shambles,30,Xf,18:02.8
2017,32,Taylors of Harrogate,52,Me,18:05.5
2017,33,Commercial Estates Group,38,Mf,18:19.4
2017,34,CBRE,34,Me,18:19.8
2017,35,HACS 1,39,Me,18:30.1
2017,36,The Dazzling Bobbies,49,Me,18:36.2
2017,37,Round Table 1: Slim Table,22,Mf,18:39.4
2017,38,Clarity Clodhoppers,42,Xf,18:59.1
2017,39,Knaresborough Silver Band,50,Me,19:05.8
2017,40,Pretty Paws,43,Xe,19:07.9
2017,41,RAF Menwith Hill,29,Me,19:10.3
2017,42,St John's Juggernauts,35,Mf,19:19.1
2017,43,Oatlands Infants Mixed,68,Xf,19:21.6
2017,44,6th Gear,63,Xe,19:26.2
2017,45,Aspin Avengers,51,Me,19:37.4
2017,46,Techbuyer Ltd,85,Mf,20:02.2
2017,47,Raworths Solicitors,46,Xe,20:02.7
2017,48,Turners Tearaways,48,Me,20:10.0
2017,49,Bed Zeppelin,41,Mf,20:10.7
2017,50,Tewit Youth Band,81,Me,20:21.0
2017,51,Ripley Castle,73,Xe,20:40.0
2017,52,Nidd Valley Ladies Team,44,Ff,20:50.8
2017,53,Welly Wheelies,65,Jx,21:10.6
2017,54,St Johns PTA 'B' Team,64,Xe,21:12.7
2017,55,1st Knaresborough Scouts,82,Jx,21:24.9
2017,56,Round Table 2: Round(er) Table,36,Me,21:31.4
2017,57,High Street Heroes,60,Xe,21:31.9
2017,58,1st Scriven Scouts,83,Jx,21:33.1
2017,59,Stray Savers,58,Xe,21:37.9
2017,60,Skylarks,59,Ff,21:38.6
2017,61,Piccadilly Fillies,61,Ff,21:41.8
2017,62,CNG,55,Xe,21:42.6
2017,63,Piston Broke,70,Xe,21:49.6
2017,64,HACS 2,40,Me,21:55.9
2017,65,Bedknobs & Broomsticks,78,Me,21:56.8
2017,66,Knaresborough Striders Ladies,45,Ff,22:06.6
2017,67,Y-Not Ambulance Boys,47,Me,22:25.2
2017,68,Scotton Scorchers,57,Jff,22:51.2
2017,69,King James's Female Junior Team (CNG),87,Jff,22:55.5
2017,70,Mums On The Run,69,Fe,23:04.7
2017,71,Mowbray Magic,71,Xe,23:30.4
2017,72,Rabbit Hill Country Store,62,Ff,23:34.0
2017,73,Harrison Spinks,74,Xe,23:44.5
2017,74,SESKU Little Un,53,Me,24:18.9
2017,75,Bedraggled,90,Fe,24:31.6
2017,76,Tomrods Are Go!,80,Fe,24:33.7
2017,77,The Swiss Rolls,31,Mf,24:35.5
2017,78,Team Red Beer,77,Xe,24:35.5
2017,79,Meadowside Maidens,72,Fe,25:09.2
2017,80,Rainbow Runners,89,Fe,25:29.3
2017,81,Team Sanderson,76,Xe,25:31.9
2017,82,Hearing Dogs for Deaf People,86,Fe,25:40.3
2017,83,Saint Michael's Hospice Staff,84,Fe,25:41.8
2017,84,Pelsis Rat Racers,67,Xe,25:53.7
2017,85,Harrogate Theatre,66,Xe,26:47.0
2017,86,Aspin Park Primary School PTA,88,Fe,27:01.9
2017,87,Speedy Girlzales,79,Fe,27:04.3
2017,88,Knaresborough Strollers,75,Xe,27:32.7
2016,1,Planet Steel,1,,13:15.4
2016,2,Ripon Runners Men,4,,13:29.2
2016,3,G H Brooks Men,8,,14:05.8
2016,4,Knaresborough Striders Men,7,,14:07.3
2016,5,Nidd Valley Road Runners Men,3,,14:27.5
2016,6,Guardian Alarms,5,,14:33.0
2016,7,Globe Street Trotters,10,,14:40.6
2016,8,Flow-Mon Bandits,11,,15:06.9
2016,9,Wacky Racers,9,,15:12.5
2016,10,Castle Clinic,6,,15:15.1
2016,11,Welly Wheelers,13,,15:25.2
2016,12,The Half Moon,18,,15:50.3
2016,13,Stephenson's Rockets,14,,15:59.2
2016,14,Stock & Six Floating Barrels,24,,16:12.5
2016,15,Knaresborough Rugby Club,16,,16:27.6
2016,16,Flying Mechanics,17,,16:36.1
2016,17,Blue Bullet Flyers,27,,16:39.8
2016,18,Magnificent Seven,19,,16:45.1
2016,19,Harrogate Rugby Racers,15,,16:50.8
2016,20,Ripon Runners Girls,20,,16:54.4
2016,21,The Plodders,42,,16:57.0
2016,22,Six Pack,23,,17:01.8
2016,23,FreestyleKinetics-TheJPProject,34,,17:02.8
2016,24,Harrogate Round Table,62,,17:17.1
2016,25,Welly Wheeners,22,,17:20.3
2016,26,Parkrunners Sponsored By The Black Mulberry Cafe,46,,17:22.5
2016,27,St John Fisher School,35,,17:27.6
2016,28,The Hairy Fairies,36,,17:33.6
2016,29,Colin's Nuts,58,,17:39.4
2016,30,Meadowside Malingerers,31,,17:39.6
2016,31,Harrogate Harriers Mixed Team,28,,17:41.0
2016,32,Nidd Valley Road Runners - Mixed 'B',29,,18:03.3
2016,33,Welly Wheelettes,37,,18:08.8
2016,34,Pelsis Rat Run,74,,18:18.7
2016,35,The ReverendJP &The Disciples of Fitness,47,,18:20.9
2016,36,Green-Tech Gladiators,49,,18:23.5
2016,37,Tewit Youth Band,54,,18:32.7
2016,38,The Rocket Men,30,,18:36.6
2016,39,CBRE,81,,18:37.2
2016,40,Nuffield Health,56,,18:40.7
2016,41,The Hacs Cool Runners,51,,18:51.4
2016,42,Live For Today,55,,19:00.0
2016,43,Menwith Hill,25,,19:02.0
2016,44,Pinnacle Data,77,,19:03.3
2016,45,Bed Zeppelin,41,,19:05.7
2016,46,Aspin Avengers,65,,19:06.7
2016,47,St John's Juggernauts,26,,19:08.5
2016,48,Raworths Runners,43,,19:08.8
2016,49,CNG,50,,19:17.7
2016,50,Turners Tearaways,39,,19:21.6
2016,51,Killer Queens - Nippers Men,38,,19:25.5
2016,52,Manning Stainton,53,,19:26.4
2016,53,Oatlands Infants Ladies,71,,19:28.9
2016,54,Dazzling Bobbies,48,,19:31.5
2016,55,Knaresborough Silver Band,33,,19:33.9
2016,56,City Slackers,44,,19:46.0
2016,57,Taylors Of Harrogate,63,,19:50.1
2016,58,Scotton Scorchers JFC,32,,19:51.2
2016,59,Clarity Clodhoppers,45,,19:58.0
2016,60,Alcumus Sm&Ms,69,,20:29.9
2016,61,6th Gear,80,,20:40.4
2016,62,George And Dragon,67,,20:41.3
2016,63,Piccadilly Fillies,60,,20:50.6
2016,64,Brook's Birds,66,,21:33.1
2016,65,The YBS Finance Fitties,85,,21:43.2
2016,66,St John's PTA 'B' Team,78,,21:45.4
2016,67,Pelsis Flyers,75,,21:46.5
2016,68,Bingley Arms Bardsey Ambulance Boys,57,,21:47.7
2016,69,Captain Rose & The Legion Of Limbs,70,,21:57.3
2016,70,1st Scriven Scouts,59,,21:57.4
2016,71,Meadowside Maidens,72,,21:58.6
2016,72,Over The Rainbows,86,,21:58.6
2016,73,Team Bed Guru,82,,22:02.7
2016,74,Rabbit Hill Country Store,2,,22:16.2
2016,75,Hiscox,68,,22:18.0
2016,76,Aff Birds,64,,22:20.0
2016,77,Knaresborough Striders Ladies,52,,22:24.6
2016,78,The Goldsborough Girls,73,,22:31.1
2016,79,Tomrods Men Of Steel,21,,22:34.7
2016,80,Team Sanderson,83,,22:35.8
2016,81,Skylarks,61,,22:39.0
2016,82,St Michaels Hospice Staff,87,,22:45.7
2016,83,So Sozzled Crew,76,,23:04.3
2016,84,Bedknobs & Broomsticks,89,,23:19.2
2016,85,The Richard Taylor Runners,84,,23:23.9
2016,86,Scotton Lingerfield Ladies,90,,23:38.9
2016,87,Team Red Beer,88,,23:39.6
2016,88,Jigsaw Joinery,40,,23:53.3
2016,89,The Deer Hunters,12,,24:13.3
2016,90,The Younger Ones! Not!!,79,,25:05.4
2015,1,Planet Steel,2,Mf,13:14.0
2015,2,Harrogate Harriers,1,Mf,13:14.3
2015,3,Nidd Valley Road Runners Mens,4,Mf,14:22.8
2015,4,Ripon Runners Men,3,Mf,14:48.0
2015,5,Guardian Alarms,12,Mf,15:01.8
2015,6,Castle Clinic,13,Mf,15:07.8
2015,7,Knaresborough Striders Men,5,Mf,15:08.2
2015,8,G H Brooks Team 1,10,Mf,15:10.2
2015,9,Wacky Racers,7,Mf,15:12.8
2015,10,Globe Street Trotters,11,Mf,15:13.4
2015,11,Harrogate Tri Club,6,Mf,15:39.6
2015,12,Flying Pullman,45,Xf,15:41.8
2015,13,Piccadilly Men,8,Mf,15:46.2
2015,14,Welly Wheelers,9,Mf,15:49.1
2015,15,Oatlands Infants Schools Mens,18,Mf,15:53.2
2015,16,Stephenson's Rockets,23,Mf,15:56.9
2015,17,G H Brooks Team 2,15,Mf,16:07.2
2015,18,Harrogate Rugby Racers,34,Jmf,16:19.1
2015,19,Fishers Till We Die,16,Mf,16:21.1
2015,20,Knaresborough Rugby Club,24,Mf,16:27.5
2015,21,Flying Mechanics - HACS,2,Me,16:28.9
2015,22,Harrogate Young Life Juniors,22,Jmf,16:32.0
2015,23,The Half Moon,14,Mf,16:36.1
2015,24,Knaresborough Town Football Club,26,Jmf,16:53.2
2015,25,Ripon Runners Girls,17,Ff,17:11.6
2015,26,The Young Ones,29,Mf,17:36.0
2015,27,Tomrods Men of Steel,36,Mf,17:37.2
2015,28,Harrogate Racers For Marslands Timber,40,Xf,17:37.6
2015,29,Welly Wheeners,56,Xf,17:53.5
2015,30,Six Pack,56,Mf,17:56.0
2015,31,Armed Forces Fitness Harrogate,38,Xf,17:56.3
2015,32,1st Knaresborough Scouts,47,Me,18:15.5
2015,33,Piccadilly Plodders,37,Mf,18:17.8
2015,34,St Johns Juggernauts,31,Mf,18:18.7
2015,35,The Rocket Men,49,Mf,18:21.2
2015,36,Meadowside Malingerers,32,Mf,18:31.7
2015,37,Scotton Scorchers JFC,41,Mf,18:38.5
2015,38,Knaresborough Silver Band,46,Me,18:55.3
2015,39,Free Style Kinetics - The J P Project,44,Xf,18:55.4
2015,40,Welly Wheelettes,43,Ff,19:06.6
2015,41,Killer Queens Nippers Men,48,Mf,19:07.6
2015,42,Turner's Tearaways,33,Me,19:07.9
2015,43,The Minions,39,Xf,19:09.9
2015,44,Wyrill's Whirlwind,42,Xf,19:12.7
2015,45,The Dazzling Bobbies,55,Me,19:29.1
2015,46,Commercial Estates Group,61,Mf,19:35.7
2015,47,Green-tech Gladiators,35,Me,19:52.7
2015,48,M H S Army,51,Me,20:50.6
2015,49,Bebra Oldies,30,Mf,21:07.5
2015,50,HACS Cultured Construction Workers,50,Me,21:11.9
2015,51,Manning Stainton,63,Me,21:12.9
2015,52,Tewit Youth Band,65,Me,21:30.9
2015,53,Striders Ladies Blue Bullet Flyers,20,Ff,21:45.7
2015,54,Savaged By A Bed Sheep,85,Me,21:46.0
2015,55,Nuffield Health,66,Xe,21:48.6
2015,56,1st Scriven Scouts(Sponsored by CNG),58,Jx,22:00.5
2015,57,Piccadilly Fillies,57,Ff,22:05.9
2015,58,Harrogate Round Table,67,Me,22:08.0
2015,59,Team CNG,54,Xe,22:12.7
2015,60,The Bed Hot Chilli Peppers,52,Me,22:19.4
2015,61,Lexy's Midnight Runners,60,Xf,22:41.4
2015,62,The Golden Girls,53,Fe,22:42.5
2015,63,Raworths Runners,88,Xe,22:46.6
2015,64,Taylors of Harrogate,76,Xe,22:56.4
2015,65,AFF Stray Birds,21,Ff,23:08.0
2015,66,Aspin School Avengers,86,Xe,23:18.8
2015,67,George and Dragon,65,Mf,23:20.5
2015,68,Jigsaw Joinery,59,Mf,23:28.7
2015,69,Oatlands Infants School Ladies,79,Fe,23:31.0
2015,70,The Mighty Claro,80,Me,23:34.8
2015,71,Nidd Valley Road Runners Ladies,19,Ff,23:35.4
2015,72,Knaresborough Pool,69,Xf,23:56.2
2015,73,Meadowside Maidens,64,Ff,23:58.8
2015,74,Pelsis Rat Racers,78,Xf,24:07.3
2015,75,Humberston North Sea Lions Club,70,Me,24:10.5
2015,76,Hiscox,62,Mf,24:35.9
2015,77,High Speed Bed Capers,72,Me,24:49.8
2015,78,The ABC Team,81,Me,24:53.6
2015,79,Happy Feet,90,Fe,26:31.7
2015,80,Manchester Boys,82,Me,26:35.6
2015,81,The Flying Fish,83,Me,26:45.8
2015,82,So Sozzled Crew,89,Fe,27:35.4
2015,83,St Johns PTA 'a' Team,68,Xe,37:35.5
2015,84,Churches Together Ladies Team,73,Fe,27:47.9
2015,85,Over The Rainbows,77,Fe,28:10.6
2015,86,The Bed-Vroom Bombers,87,Xe,28:13.5
2015,87,St Michaels Hospice Staff,74,Fe,28:29.8
2015,88,Team Red Beer,75,Xe,28:37.4
2015,89,Scrummy Mummies,71,Fe,29:08.8
2015,90,The Swiss Rolls,84,Me,29:49.3
2014,1,Harrogate Harriers,,,12:51
2014,2,Planet Steel,,,13:14
2014,3,Harrogate Racers For A D Group Holdings Ltd,,,14:19
2014,4,The Wacky Racers,,,14:21
2014,5,Piccadilly Men,,,14:36
2014,6,Welly Wheelers,,,14:43
2014,7,G H Brooks Blockheads,,,14:48
2014,8,Guardian Alarms,,,14:49
2014,9,Castle Clinic,,,14:50
2014,10,The Half Moon,,,14:51
2014,11,G H Brooks Lumberjacks,,,14:57
2014,12,The Magnificent Seven,,,15:02
2014,13,Ripon Runners,,,15:05
2014,14,Knaresborough Striders Men,,,15:09
2014,15,Fishers Till We Die,,,15:10
2014,16,Nidd Valley Road Runners Men 'B' Team,,,15:11
2014,17,Oatlands Infants School Mens,,,15:19
2014,18,Stephenson's Rockets,,,15:23
2014,19,Harrogate Young Life Juniors,,,15:57
2014,20,Ripon Runners Girls,,,16:11
2014,21,The Asthmatic Ants,,,16:14
2014,22,P & G Team 1,,,16:20
2014,23,Flying Mechanics Sponsored By HACS,,,16:39
2014,24,Knaresborough Town Juniors Sponsored by CNG,,,16:41
2014,25,7 Peas In A Pod,,,16:45
2014,26,Six Pack,,,16:46
2014,27,Bobby Dazzlers,,,16:51
2014,28,The Younger Ones,,,16:56
2014,29,The Golden Oldies,,,16:57
2014,30,The Young Ones,,,16:59
2014,31,St. John's Juggernauts,,,17:01
2014,32,Team BHP,,,17:07
2014,33,Meadowside Malingerers,,,17:08
2014,34,Harrogate Rugby Racers,,,17:11
2014,35,Hardgear Teamwear,,,17:16
2014,36,Pulse Racers,,,17:21
2014,37,Piccadilly Plodders,,,17:30
2014,38,Armed Forces Fitness Harrogate,,,17:32
2014,39,The Minions,,,17:35
2014,40,Scotton Scorchers JFC,,,17:35
2014,41,Wyrill's Whirlwind,,,17:40
2014,42,Rugby Runners,,,17:58
2014,43,Belzona Bullets,,,18:00
2014,44,Knaresborough Silver Band,,,18:03
2014,45,Knaresborough Scouts,,,18:14
2014,46,Nippers Men Killer Queens,,,18:18
2014,47,The Rocket Men,,,18:19
2014,48,The HACS Group,,,18:28
2014,49,Yorkshire Cancer Research,,,18:29
2014,50,The Stockys,,,18:34
2014,51,Bingley Arms Bardsey - The Old Boys,,,18:38
2014,52,St Michaels,,,18:40
2014,53,MHS Army,,,18:44
2014,54,Platinum Sprint,,,19:01
2014,55,Team CNG,,,19:07
2014,56,Welly Wheeners,,,19:15
2014,57,Piccadilly Fillies,,,19:23
2014,58,1st Scriven Scouts,,,19:25
2014,59,Lexy's Midnight Runners,,,19:28
2014,60,George And Dragon,,,19:29
2014,61,Info-Maniacs,,,19:33
2014,62,Commercial Estates Group,,,19:33
2014,63,Manning Stainton,,,19:38
2014,64,Meadowside Maidens,,,19:38
2014,65,Colin's Nuts,,,19:47
2014,66,Tewit Youth Band,,,19:55
2014,67,Harrogate Shotokan Karate Club,,,19:58
2014,68,Harrogate Round Table,,,20:08
2014,69,Skylarks,,,20:16
2014,70,Oatlands Infants Ladies,,,20:27
2014,71,Heels On Wheels,,,20:34
2014,72,Knaresborough Celtic Girls Under 16,,,20:46
2014,73,Broker Network Bounders,,,20:54
2014,74,Despicable Mums,,,20:58
2014,75,Charlies Angels,,,21:01
2014,76,Scrummie Mummies,,,21:12
2014,77,Rowdy Roosters,,,21:16
2014,78,P & G Graduates,,,22:04
2014,79,Vida Leaders,,,22:09
2014,80,Churches Together Ladies,,,22:19
2014,81,Kippax Welfare JARLFC,,,22:19
2014,82,Scotton Lingerfield Ladies,,,22:31
2014,83,Cairn Superheroes,,,22:35
2014,84,Team Red Beer,,,23:14
2014,85,2nd Knaresborough Rainbows,,,23:37
2014,86,Mencap,,,23:51
2014,87,Beech House Bandits,,,24:37
2014,88,Arrow Self Drive,,,25:52
2013,1,Harrogate Harriers,,,13:10
2013,2,Ripon Runners Men's Team,,,13:59
2013,3,Planet Steel,,,14:00
2013,4,Nidd Valley Men 'A',,,14:13
2013,5,Guardian Alarms,,,15:05
2013,6,G H Brooks Blockheads,,,15:09
2013,7,Globe Street Trotters,,,15:19
2013,8,Castle Clinic,,,15:20
2013,9,Welly Wheelers,,,15:21
2013,10,Piccadilly Men,,,15:32
2013,11,The Magnificent Seven,,,15:37
2013,12,Harrogate Racers for AD Group Holdings Ltd,,,15:41
2013,13,Young Life,,,15:43
2013,14,Nidd Valley Road Runners Men's B,,,15:54
2013,15,Oatlands Infants Men's,,,16:10
2013,16,Ripon Runners Girls,,,16:13
2013,17,HPL Flyers,,,16:19
2013,18,G H Brooks Lumberjacks,,,16:23
2013,19,Asthmatic Ants,,,16:29
2013,20,Half Moon Knaresborough Striders,,,16:51
2013,21,Knaresborough Rugby Club,,,16:54
2013,22,Peas in a Pod,,,16:59
2013,23,The Rocket Men,,,17:07
2013,24,Piccadilly Plodders,,,17:09
2013,25,The Sweet Chariot,,,17:09
2013,26,The Young Ones,,,17:13
2013,27,Free Style Kinetics the JP Project,,,17:18
2013,28,Meadowside Malingerers,,,17:27
2013,29,Killer Queens Nippers Men,,,17:29
2013,30,Bobby Dazzlers,,,17:40
2013,31,Harrogate Young Life Juniors,,,17:48
2013,32,Knaresborough Silver Band,,,17:55
2013,33,Turner's Tearaways,,,17:56
2013,34,Scotton Scorchers JFC,,,18:01
2013,35,Green-Tech Gladiators,,,18:15
2013,36,Saint John's Juggernauts,,,18:19
2013,37,HACS – The Mythical Legends,,,18:20
2013,38,BMF York,,,18:22
2013,39,First Knaresborough Scouts,,,18:24
2013,40,Wyrill's Whirlwinds,,,18:26
2013,41,Rugby Runners,,,18:28
2013,42,Hardgear-Elite Teamwear Suppliers,,,18:35
2013,43,The Younger Ones,,,18:38
2013,44,Welly Wheelettes,,,18:38
2013,45,Digital Media Projects,,,18:42
2013,46,St Aidans Juniors,,,18:44
2013,47,CNG Sponsoring Knaresborough Town Juniors AFC,,,18:46
2013,48,Churches Together Bed 2,,,18:50
2013,49,Wetherby Runners,,,18:56
2013,50,Harrogate Rugby Lucky 13s,,,19:01
2013,51,Proctor and Gamble Team 1,,,19:08
2013,52,AA Office Furniture,,,19:08
2013,53,Nidd Valley Ladies,,,19:09
2013,54,Lido Loonies,,,19:16
2013,55,Dazzling Bobbies,,,19:31
2013,56,Bed Hot Chilli Peppers,,,19:35
2013,57,Team Avacta,,,19:36
2013,58,Orion,,,19:42
2013,59,Acomb Fire Station,,,19:45
2013,60,MHS Army,,,19:54
2013,61,Harrogate and District Round Table (Brindles Boys),,,20:03
2013,62,The Charvers,,,20:07
2013,63,George and Dragon,,,20:09
2013,64,Humberston Lions Club,,,20:16
2013,65,Banyoles Dragon,,,20:17
2013,66,First Scriven Scouts,,,20:24
2013,67,Nuffield,,,20:24
2013,68,St John's PTA Team,,,20:24
2013,69,St Michael's Hospice,,,20:30
2013,70,Piccadilly Fillers,,,20:31
2013,71,Welly Wheeners,,,20:36
2013,72,Vital Statistics,,,20:37
2013,73,Belzona Bullets,,,20:45
2013,74,Knaresborough Celtic Girls,,,21:02
2013,75,Skylarks,,,21:02
2013,76,Meadowside Maidens,,,21:17
2013,77,Oatlands Infants Ladies,,,21:30
2013,78,Team Buddy,,,21:33
2013,79,Scrummy Mummies,,,21:53
2013,80,St John's Jewels,,,22:02
2013,81,Red and Blue Runners,,,22:06
2013,82,Scotton Lingerfield Ladies,,,22:09
2013,83,Charlie's Angels,,,22:23
2013,84,Team Bojangles,,,22:24
2013,85,Churches Together Ladies,,,22:31
2013,86,Lexy's Midnight Runners,,,22:42
2013,87,Avalon Athletes,,,22:51
2013,88,Knaresborough Pool,,,23:49
2013,89,Team Red Beer,,,23:53
2013,90,Proctor and Gamble Team 2 The Grads,,,23:55
2013,91,Flangetastic,,,24:14
2012,1,Ripon Runners,,,14:43
2012,2,Nidd Valley Men,,,15:02
2012,3,Guardian Alarms,,,15:21
2012,4,Harrogate Harriers,,,15:26
2012,5,The Rocket Men,,,15:31
2012,6,Planet Steel,,,15:45
2012,7,The Welly Wheelers,,,15:46
2012,8,G H Brooks,,,15:58
2012,9,Shamrock Vets,,,16:18
2012,10,Globe Street Trotters,,,16:31
2012,11,Armed Forces fitness,,,16:51
2012,12,Piccadilly Men,,,16:54
2012,13,Magnificent Seven,,,16:59
2012,14,Young Life,,,17:06
2012,15,Ripon Runners Girls,,,17:19
2012,16,HPL Flyers,,,17:24
2012,17,Castle Clinic,,,17:39
2012,18,Nidd Valley Road Runners Men's B,,,17:53
2012,19,Weeton Pirates,,,18:01
2012,20,Meadowside Malingerers,,,18:04
2012,21,The Design Academy,,,18:45
2012,22,Stewart's Tartan Army,,,18:53
2012,23,The Younger Ones,,,19:33
2012,24,Harrogate Young Life Juniors,,,20:01
2012,25,Lock Stock & Six Floating Barrels,,,20:23
2012,26,Harrogate Racers for AD Holdings,,,20:23
2012,27,Proctor & Gamble Bed 2,,,20:49
2012,28,New Bebra Beavers,,,20:55
2012,29,Piccadilly Plodders,,,20:57
2012,30,Six Pack,,,21:13
2012,31,Killer Queens Nippers Men,,,21:29
2012,32,St John's Juggernauts,,,21:48
2012,33,Bobby Dazzlers,,,21:52
2012,34,The Fat & Furious 6,,,22:01
2012,35,Belzona Bullets,,,22:15
2012,36,Scotton Scorchers,,,22:16
2012,37,7 Peas in a Pod,,,22:17
2012,38,Knaresborough Rugby Union FC,,,22:19
2012,39,The Sweet Chariot,,,22:27
2012,40,Paperworks/Round Table,,,22:36
2012,41,HACS Amphetamine Queens,,,22:59
2012,42,1st Knaresborough (Castle) Scouts),,,23:09
2012,43,Green-tech Gladiators,,,23:12
2012,44,Wetherby Runners AC,,,23:17
2012,45,Nidd United,,,23:43
2012,46,Lido Loonies,,,25:08
2012,47,Team Buddy,,,25:14
2012,48,Harrogate Audi,,,25:45
2012,49,Knaresborough Silver Band,,,25:58
2012,50,BNL Smooth Operators,,,26:37
2012,51,Turner's Tearaways,,,26:59
2012,52,Belzona Bed Boys,,,27:42
2012,53,Welly Wheelettes,,,28:08
2012,54,Head Start for Someone Else,,,28:41
2012,55,West End Bankers,,,28:54
2012,56,Nidd Valley Ladies,,,28:56
2012,57,Skylarks,,,28:59
2012,58,Commercial Estates Group,,,28:59
2012,59,Proctor and Gamble Bed 1,,,29:31
2012,60,The Flying Mechanics,,,29:57
2012,61,Lexy's Midnight Runners,,,30:33
2012,62,Piccadilly Phillies,,,30:35
2012,63,Churches Together Knaresborough 2,,,30:53
2012,64,Team Avacta,,,32:17
2012,65,Menwith Hill Chapel,,,32:58
2012,66,Harrogate Ladies College,,,33:53
2012,67,SBU,,,34:12
2012,68,Oatlands Infants Ladies,,,34:39
2012,69,George and Dragon,,,35:26
2012,70,Knaresborough Celtic Girls,,,35:43
2012,71,Knaresborough Town AFC Juniors,,,35:49
2012,72,Vida Leaders,,,35:59
2012,73,Logic Fire and Security,,,36:40
2012,74,Humberston Lions Club,,,36:49
2012,75,St John's Jewels,,,38:41
2012,76,1st Scriven Scouts,,,40:04
2012,77,Meadowside Maidens,,,40:35
2012,78,High Street Bed Capers,,,40:38
2012,79,The 'A' Team,,,40:42
2012,80,Pulse Racers,,,41:01
2012,81,Scrummy Mummy's,,,42:14
2012,82,Churches Together Ladies,,,43:20
2012,83,Team Red Beer,,,43:52
2012,84,Blue Light Taxi's,,,45:02
2012,85,The Avalon Athletes,,,46:16
2012,86,Unlikely Lasses,,,46:58
2012,87,Ladies Mid Life Crisis,,,48:51
2012,88,The Flangetastics,,,48:14
2012,89,Harrogate Hornets,,,49:16
2012,90,Kippax Templars Bisons,,,50:51
2011,1,Harrogate Harriers,,,14:24
2011,2,Ripon Runners for HPL,,,14:26
2011,3,Guardian Alarms,,,15:19
2011,4,Lickley Lads aka Harrogate Young Life,,,15:27
2011,5,G H Brooks,,,15:40
2011,6,Nidd Valley Men,,,15:42
2011,7,Shamrock Vet Clinic,,,15:44
2011,8,Magnificent Seven,,,15:49
2011,9,The Welly Wheelers,,,15:55
2011,10,HPL Flyers,,,15:56
2011,11,Globe Street Trotters,,,15:59
2011,12,The Turbo Turtles,,,16:01
2011,13,The Dive Crew,,,16:17
2011,14,Meadowside Malingerers,,,16:40
2011,15,Harrogate Racers for AD Group Holdings,,,16:42
2011,16,The Rocket Men,,,17:09
2011,17,Belzona Bullets,,,17:13
2011,18,Piccadilly Men,,,17:15
2011,19,The Design Academy,,,17:16
2011,20,Stewarts Tartan Army,,,17:18
2011,21,Hair Bear Bunch,,,17:19
2011,22,Castle Clinic,,,17:23
2011,23,L Stock and Six Floating Barrels,,,17:35
2011,24,Cardio Racers,,,17:38
2011,25,The Younger Ones,,,17:41
2011,26,Ripon Runners Girls,,,17:47
2011,27,Piccadilly Plodders,,,17:53
2011,28,Harrogate Young Life Junior,,,17:54
2011,29,Weeton Pirates,,,18:07
2011,30,Bebra Oldies,,,18:08
2011,31,Nippers Men Killer Queens,,,18:14
2011,32,Proctor & Gamble Team 2,,,18:16
2011,33,Oatlands School – Men,,,18:18
2011,34,The HACS Historians,,,18:18
2011,35,Rugby Runners,,,18:23
2011,36,1st Knaresborough Scouts,,,18:25
2011,37,Scotton Scorchers,,,18:33
2011,38,Blind Jacks Explorer Scouts,,,18:36
2011,39,Proctor & Gamble Team 1,,,18:41
2011,40,Knaresborough Rugby Club,,,18:42
2011,41,7 Peas in a Pod,,,19:06
2011,42,Lido Loonies,,,19:09
2011,43,Nidd Valley Ladies,,,19:15
2011,44,Turner's Tearaways,,,19:19
2011,45,Paperworks / Harrogate Round Table,,,19:19
2011,46,Harrogate Audi,,,19:28
2011,47,Bobby Dazzlers,,,19:34
2011,48,Churches Together in Knaresborough Bed 2,,,19:38
2011,49,Oatlands Ladies,,,19:42
2011,50,Iceni Magni,,,19:46
2011,51,Wetherby Runners – Ladies,,,20:01
2011,52,The Charvers,,,20:01
2011,53,The Bed Hot Chili Peppers,,,20:08
2011,54,Simon Graeme Auto Service Centre,,,20:15
2011,55,Welly Wheelettes,,,20:16
2011,56,Harrogate Fire Station,,,20:18
2011,57,Logic Fire & Security,,,20:18
2011,58,Sons of Liberty,,,20:23
2011,59,Knaresborough Silver Band,,,20:38
2011,60,Meadowside Maidens,,,20:57
2011,61,Piccadilly Fillies,,,20:58
2011,62,Knaresborough First Responders,,,20:59
2011,63,Broker Network Bounders,,,21:05
2011,64,Pure Collection,,,21:15
2011,65,Belzona Bed Boys,,,21:16
2011,66,Humberston Lions Club,,,21:43
2011,67,Zawadi,,,21:43
2011,68,2nd Knaresborough Rainbows,,,21:48
2011,69,St John's Jewels,,,21:51
2011,70,Tockwith Titans,,,21:52
2011,71,King James' Krushers,,,21:54
2011,72,Pure Collection 2,,,22:03
2011,73,SBU,,,22:07
2011,74,Ice Maidens,,,22:20
2011,75,Scrummie Mummies,,,22:21
2011,76,Team Red Beer,,,22:23
2011,77,High Speed Bed Caper,,,22:36
2011,78,Pulse Racers,,,22:44
2011,79,Aspin Angels,,,22:44
2011,80,Churches Together,,,22:52
2011,81,St Michaels Hospice,,,22:55
2011,82,Boudica Boudoir,,,22:56
2011,83,Skylarks,,,23:14
2011,84,1st Scriven Scouts,,,24:09
2011,85,Kids at Heart,,,24:39
2011,86,Dolls on the Run,,,24:57
2011,87,The Flangetastics,,,25:17
2011,88,HP Sauceys,,,25:41
2011,89,Gateways Flyers,,,26:44
2011,90,Always With A Smile,,,30:06
2010,1,Ripon Runners for HPL,,,13:56
2010,2,Harrogate Harriers,,,14:09
2010,3,Planet Steel,,,14:34
2010,4,Guardian Alarms,,,15:09
2010,5,Shamrock Vet Clinic,,,15:12
2010,6,Harrogate Racers,,,15:35
2010,7,Magnificent Seven,,,15:44
2010,8,Nidd Valley Men,,,15:46
2010,9,Bebra Beavers,,,15:48
2010,10,The Lickley Lads,,,15:51
2010,11,The Academy Group,,,15:55
2010,12,HPL Flyers,,,16:08
2010,13,Globe Street Trotters,,,16:15
2010,14,Meadowside Malingerers,,,16:33
2010,15,G H Brooks,,,16:36
2010,16,YourTrump.co.uk,,,16:37
2010,17,The Young Ones,,,16:38
2010,18,The Rocket Men,,,16:46
2010,19,Oatlands Infant School - Mens,,,16:46
2010,20,Weeton Pirates,,,17:02
2010,21,Scotton Scorchers,,,17:05
2010,22,Wetherby Runners,,,17:23
2010,23,Bobby Dazzlers,,,17:25
2010,24,Knaresborough Rugby Club,,,17:27
2010,25,Stewarts Tartan Army,,,17:28
2010,26,Daleside Brewery,,,17:37
2010,27,The Dive Crew,,,17:40
2010,28,Lock Stock & Six Floating Barrels,,,17:42
2010,29,Nippers Men Killer Queens,,,17:42
2010,30,St John's Juggernaughts,,,17:44
2010,31,The Welly Wheelers,,,17:47
2010,32,1st Scriven Scouts,,,17:50
2010,33,Cardio Racers,,,18:02
2010,34,Jet2 Jesters,,,18:03
2010,35,Ripon Runners Girls,,,18:11
2010,36,Go Commando,,,18:18
2010,37,Piccadilly Plodders,,,18:27
2010,38,The HACS Trolly Dollies,,,18:29
2010,39,Green-Tech Gladiators,,,18:51
2010,40,St Mary's Golden Girls,,,18:52
2010,41,Hair Bear Bunch,,,18:55
2010,42,Piccadilly Men,,,19:00
2010,43,2nd Knaresborough Rainbows,,,19:03
2010,44,Wetherby Runners Ladies,,,19:03
2010,45,Gillette Fusion 2,,,19:15
2010,46,The Younger Ones,,,19:16
2010,47,Nidd United,,,19:27
2010,48,7 Peas In A Pod,,,19:28
2010,49,The Cooperative,,,19:32
2010,50,Oatlands Infant School Ladies,,,19:38
2010,51,Team Gmund,,,19:42
2010,52,Wetherby Bulldogs Under 15's,,,19:45
2010,53,The Charvers,,,19:55
2010,54,Stavely Community Primary School,,,19:55
2010,55,Knaresborough Silver Band,,,20:07
2010,56,Turner's Tearaways,,,20:13
2010,57,Lexy's Midnight Runners,,,20:16
2010,58,Churches Together,,,20:33
2010,59,Belzona Bed Boys,,,20:37
2010,60,Paperworks,,,20:39
2010,61,Welly Wheelettes,,,20:44
2010,62,St John's Jewels,,,20:53
2010,63,Pulse Racers,,,21:02
2010,64,Lido Loonies,,,21:05
2010,65,Nidd Valley Ladies,,,21:08
2010,66,Gillette Fusion 1,,,21:14
2010,67,St Michaels Hospice,,,21:18
2010,68,How Clean Is Your Bed?,,,21:20
2010,69,Harrogate Fire Station,,,21:34
2010,70,Young Life Junior,,,21:35
2010,71,Aspin Angels,,,22:16
2010,72,Tockwith Titans,,,22:29
2010,73,Piccadilly Fillies,,,22:32
2010,74,Scrummie Mummies,,,22:45
2010,75,Go Navy,,,23:08
2009,1,Harrogate Harriers,,,12:59
2009,2,Ripon Runners Boys,,,13:18
2009,3,Guardian Alarms,,,14:04
2009,4,Planet Steel,,,14:08
2009,5,Piccadilly Men,,,14:17
2009,6,Harrogate Young Life,,,14:48
2009,7,Shamrock Vets,,,14:52
2009,8,Nidd Valley Runners,,,15:03
2009,9,HPL Flyers,,,15:06
2009,10,Harrogate Racers,,,15:13
2009,11,The Dive Crew,,,15:20
2009,12,The Academy,,,15:29
2009,13,The Young Ones,,,15:33
2009,14,The Marmoteers,,,15:36
2009,15,M.C.C.,,,15:40
2009,16,Wetherby Runners AC,,,15:45
2009,17,T&G Dream Team,,,15:50
2009,18,Meadowside Malingerers,,,15:54
2009,19,Bebra Beavers,,,15:56
2009,20,Knareborough Celtic Under 17s,,,16:02
2009,21,Tockwith Titans,,,16:09
2009,22,Lock Stock & Six Floating Barrels,,,16:28
2009,23,The Rocket Men,,,16:35
2009,24,Scotton Scorchers,,,16:50
2009,25,Cardio Racers,,,16:50
2009,26,Daleside Brewery,,,16:51
2009,27,Gillette Fusion North,,,16:58
2009,28,Sharks (Rekiny),,,16:58
2009,29,Wilkos Warriors,,,17:00
2009,30,Hair Bear Bunch,,,17:02
2009,31,Oatlands Infant School Mens,,,17:04
2009,32,Bobby Dazzlers,,,17:08
2009,33,Stewarts Tartan Army,,,17:08
2009,34,Nippers Men,,,17:11
2009,35,Ripley Racers,,,17:13
2009,36,Team Gmund,,,17:20
2009,37,Weeton Pirates,,,17:24
2009,38,Nidd Valley Ladies,,,17:28
2009,39,The Welly Wheelers,,,17:37
2009,40,Piccadilly Plodders,,,17:38
2009,41,St Mary's Golden Girls,,,17:39
2009,42,St John's Juggernauts,,,17:45
2009,43,1st Scriven Scouts,,,17:53
2009,44,Ripon Runners Girls,,,17:54
2009,45,JET2 Jesters,,,18:08
2009,46,Harrogate Audi,,,18:29
2009,47,2nd Knaresborough Rainbows,,,18:42
2009,48,Broker Network Bounders,,,18:52
2009,49,The Younger Ones,,,18:57
2009,50,North Eastern Autocare,,,19:02
2009,51,Wetherby Runners Ladies AC,,,19:07
2009,52,Welly Wheelettes,,,19:09
2009,53,Oatlands Infant School Ladies,,,19:23
2009,54,The Charvers,,,19:47
2009,55,Green-Tech Gladiators,,,19:54
2009,56,The Cooperative,,,19:57
2009,57,Piccadilly Fillies,,,20:08
2009,58,The HACS idents,,,20:11
2009,59,St John's Jewels,,,20:18
2009,60,Skylarks,,,20:24
2009,61,Pulse Racers,,,20:30
2009,62,Nidd Valley Girls,,,20:31
2009,63,Turners Tearaways,,,20:34
2009,64,Gillette Fusion South,,,20:41
2009,65,Lido Loonies,,,21:17
2009,66,Aspin Angels,,,21:19
2009,67,Churches Together Ladies,,,21:20
2009,68,St Michaels Hospice,,,21:34
2009,69,High Speed Bed Caper,,,21:37
2009,70,U.S.Navy,,,21:43
2009,71,Nuns on the Run,,,21:57
2009,72,Harrogate Young Life Junior,,,21:59
2009,73,Scrumi Mummis,,,22:08
2009,74,SBU,,,22:09
2009,75,Meadowside Maidens,,,22:11
2009,76,Aspin Devils,,,22:40
2009,77,Nippers Staff,,,23:08
2009,78,Foxettes,,,23:20
2009,79,Damsels in this dress,,,23:35
2009,80,Lexis Midnight Runners,,,23:52
2009,81,Rainbow Frizzles,,,23:53
2009,82,Ripon Mean Machine,,,23:57
2009,83,7 jolly doughnuts,,,24:07
2009,84,Team Red Beer,,,24:37
2009,85,The Bed Rockers,,,26:01
2009,86,Turkish Delights,,,27:01
2008,1,Ripon Runners Boys,,,14:15
2008,2,Harrogate Harriers,,,14:23
2008,3,Guardian Alarms,,,15:05
2008,4,Shamrock Vets,,,15:14
2008,5,Piccadilly Men,,,15:15
2008,6,Planet Steel,,,15:28
2008,7,Wetherby Runners,,,16:00
2008,8,HPL Flyers,,,16:00
2008,9,M.C.C.,,,16:13
2008,10,Scotton Garage,,,16:23
2008,11,The Young Ones,,,16:38
2008,12,Knaresborough Celtic Under 16s,,,17:10
2008,13,Harrogate Young Life,,,17:20
2008,14,The Dive Bureau,,,17:26
2008,15,Bebra Beavers,,,17:32
2008,16,Nippers Men,,,17:58
2008,17,Cardio Racers,,,18:00
2008,18,Weeton Pirates,,,18:01
2008,19,Team Gmund,,,18:07
2008,20,Argos Emperors,,,18:08
2008,21,The Marmoteers,,,18:20
2008,22,Oatlands Infant School Ladies,,,18:24
2008,23,Ripon Runners Girls,,,18:25
2008,24,St Mary's Golden Girls,,,18:26
2008,25,Speedy hire,,,18:30
2008,26,Oatlands Infant School Mens,,,18:43
2008,27,Piccadilly Plodders,,,18:49
2008,28,The Welly Wheelers,,,18:51
2008,29,Not Simon Wheeler,,,18:51
2008,30,Wetherby Runners Ladies,,,18:52
2008,31,The Old Geezers,,,18:52
2008,32,The Splitty A's,,,18:52
2008,33,Gillette Fusion North,,,18:54
2008,34,Bobby Dazzlers,,,19:08
2008,35,JET2 Jesters,,,19:18
2008,36,The Hair Bear Bunch,,,19:22
2008,37,Leeds City Council ICT Services,,,19:55
2008,38,Gillette Fusion South,,,20:16
2008,39,Welly Wheelettes,,,20:21
2008,40,Old Friends of Bebra,,,20:36
2008,41,2nd Knaresborough Rainbows,,,20:39
2008,42,Sharks (Rekiny),,,20:43
2008,43,The Cooperative,,,20:51
2008,44,Piccadilly Fillies,,,21:31
2008,45,Pulse Racers,,,21:49
2008,46,Lock Stock & 6 Floating Girls,,,22:05
2008,47,Daleside Brewery,,,22:09
2008,48,Market Town Taverns,,,22:16
2008,49,Meadowside Maidens,,,22:51
2008,50,High Speed Bed Caper,,,22:52
2008,51,St John's Jewels (Castle Cruisers),,,22:56
2008,52,Scotton Scorchers,,,23:19
2008,53,Aspin Devils,,,23:32
2008,54,Team Red Beer,,,23:41
2008,55,Nippers Staff Team,,,23:42
2008,56,Nuns on The Run,,,23:47
2008,57,Vodka Chasers,,,23:47
2008,58,Little Saints Strollers,,,24:04
2008,59,St Michaels,,,24:30
2008,60,Skylarks,,,24:30
2008,61,Churches Together Ladies,,,24:46
2008,62,North Eastern Autocare,,,25:25
2008,63,Rainbow Frizzels,,,25:25
2008,64,Cinnamon Crew,,,25:57
2008,65,Your Trump.co.uk,,,26:13
2008,66,Starbeck Mission,,,28:18
2008,67,Dayner's Dollies,,,33:29
2007,1,Harrogate Harriers,,,13:45
2007,2,Guardian Alarms,,,15:17
2007,3,Piccadilly Men,,,15:18
2007,4,Shamrock Vet Clinic,,,15:31
2007,5,The Harrogateers,,,15:50
2007,6,Wetherby Runners,,,16:01
2007,7,M.C.C.,,,16:38
2007,8,Nippers Men - Killer Queens,,,16:42
2007,9,Young Life,,,16:54
2007,10,Squashed Hearts,,,17:06
2007,11,The Academy Group,,,17:06
2007,12,The Young Ones,,,17:07
2007,13,Knaresborough Rugby Club,,,17:16
2007,14,Daleside Brewery,,,17:34
2007,15,Lock Stock & 6 Floating Barrels,,,17:38
2007,16,Team Gmund,,,17:46
2007,17,Scotton Scorchers J F C,,,17:48
2007,18,The Dive Bureau,,,17:52
2007,19,Knaresborough Celtic Under 15s,,,17:52
2007,20,Scotton Garage,,,17:54
2007,21,Castle Dentists,,,17:57
2007,22,Meadowside Malingerers,,,18:26
2007,23,Mel's Marauders,,,18:34
2007,24,St Mary's Golden Girls,,,18:37
2007,25,Piccadilly Plodders,,,18:38
2007,26,Weeton Pirates,,,18:43
2007,27,Ripon Runners Girls,,,18:51
2007,28,The Beefcakes,,,18:55
2007,29,Hewden Hire Centre,,,19:04
2007,30,The Orb Crew,,,19:09
2007,31,Friedrichroda,,,19:12
2007,32,The Welly Wheelers,,,19:22
2007,33,Hair Bear Bunch,,,19:29
2007,34,Ripley Racers,,,19:30
2007,35,JET2 Jesters,,,19:34
2007,36,The Northern Boys,,,19:35
2007,37,Oatlands Infant School,,,19:50
2007,38,Tarzans and Jane,,,20:24
2007,39,Piccadilly Fillies,,,20:38
2007,40,Shake ‘n’ Bake,,,20:44
2007,41,US Navy at Menwith Hill,,,21:03
2007,42,Knaresborough Churches Together,,,21:13
2007,43,Time Together,,,21:30
2007,44,Bed Busters,,,21:46
2007,45,Thee Fairytails,,,21:56
2007,46,The Bobby Dazzlers,,,22:10
2007,47,2nd Knaresborough Rainbows,,,22:15
2007,48,Aspin Angels,,,22:21
2007,49,The Coma-toes Cuties,,,22:30
2007,50,The Nuns on the Run,,,22:30
2007,51,United Co-op,,,22:56
2007,52,The Dive Bureau Ladies,,,23:32
2007,53,Little Saints Strollers,,,23:57
2007,54,Askham Bryan Boys,,,24:28
2007,55,Melmerby Monsters Youth Club,,,25:03
2007,56,SBU Ltd,,,25:16
2007,57,Meadowside Maidens,,,25:24
2007,58,Nippers Staff,,,25:32
2007,59,McQueen’s Cafe,,,25:40
2007,60,Aspin Devils,,,26:06
2007,61,Killer Rhinos,,,26:14
2007,63,Askham Bryan Girls,,,DNF
2006,1,Harrogate Harriers,,,14:05
2006,2,Nidd Valley Racers,,,15:18
2006,3,Young Life,,,15:51
2006,4,Shamrock Vet Clinic,,,15:53
2006,5,Piccadilly Men,,,15:55
2006,6,Guardian Alarms,,,16:17
2006,7,Link Running Club,,,16:21
2006,8,Squashed Hearts,,,16:46
2006,9,Young Ones,,,17:01
2006,10,Nippers - Boys,,,17:03
2006,11,Purple Circle,,,17:41
2006,12,The Beefcakes,,,18:02
2006,13,The Academy Group,,,18:03
2006,14,Meadowside Milingerers,,,18:24
2006,15,Piccadilly Plodders,,,18:34
2006,16,Team Gmund,,,18:41
2006,17,Bebra Beavers,,,18:44
2006,18,Hewden,,,18:49
2006,19,Nippers - Girls,,,18:56
2006,20,St. Mary's Golden Girls,,,18:56
2006,21,Daleside Brewery,,,19:10
2006,22,Hair Bear Bunch,,,19:23
2006,23,Welly Wheelers,,,19:25
2006,24,Leathernecks,,,19:47
2006,25,Nidd Valley Ladies,,,19:56
2006,26,Piccadilly Fillies,,,20:24
2006,27,Scotton Garage,,,20:42
2006,28,Spoonful of Sugar,,,20:49
2006,29,Northern Boys,,,21:12
2006,30,ORB Crew,,,21:13
2006,31,Scotton Scorchers,,,21:30
2006,32,MHS Contractors,,,21:32
2006,33,Navy Menwith,,,21:42
2006,34,Jet2 Jesters,,,21:46
2006,35,Knaresborough Churches Together,,,21:46
2006,36,Dive Bureau,,,21:50
2006,37,Aspin Angels,,,22:31
2006,38,Aaron's Gals,,,23:21
2006,39,Nuns on the Run,,,23:28
2006,40,Castle Cruisers,,,23:37
2006,41,Trinity Bed Club,,,23:52
2006,42,Bernadette's Heroes,,,24:58
2006,43,Cancer Research UK,,,25:17
2006,44,The Brownie Bunch,,,25:39
2006,45,Aspin Devils,,,25:45
2006,46,Meadowside Maidens,,,27:46
2006,47,The Pink Ladies,,,28:28
2006,48,The Monkey Butlers,,,32:25
2006,1,Harrogate Harriers,,,14:05
2006,2,Nidd Valley Racers,,,15:18
2006,3,Young Life,,,15:51
2006,4,Shamrock Vet Clinic,,,15:53
2006,5,Piccadilly Men,,,15:55
2006,6,Guardian Alarms,,,16:17
2006,7,Link Running Club,,,16:21
2006,8,Squashed Hearts,,,16:46
2006,9,Young Ones,,,17:01
2006,10,Nippers - Boys,,,17:03
2006,11,Purple Circle,,,17:41
2006,12,The Beefcakes,,,18:02
2006,13,The Academy Group,,,18:03
2006,14,Meadowside Milingerers,,,18:24
2006,15,Piccadilly Plodders,,,18:34
2006,16,Team Gmund,,,18:41
2006,17,Bebra Beavers,,,18:44
2006,18,Hewden,,,18:49
2006,19,Nippers - Girls,,,18:56
2006,20,St. Mary's Golden Girls,,,18:56
2006,21,Daleside Brewery,,,19:10
2006,22,Hair Bear Bunch,,,19:23
2006,23,Welly Wheelers,,,19:25
2006,24,Leathernecks,,,19:47
2006,25,Nidd Valley Ladies,,,19:56
2006,26,Piccadilly Fillies,,,20:24
2006,27,Scotton Garage,,,20:42
2006,28,Spoonful of Sugar,,,20:49
2006,29,Northern Boys,,,21:12
2006,30,ORB Crew,,,21:13
2006,31,Scotton Scorchers,,,21:30
2006,32,MHS Contractors,,,21:32
2006,33,Navy Menwith,,,21:42
2006,34,Jet2 Jesters,,,21:46
2006,35,Knaresborough Churches Together,,,21:46
2006,36,Dive Bureau,,,21:50
2006,37,Aspin Angels,,,22:31
2006,38,Aaron's Gals,,,23:21
2006,39,Nuns on the Run,,,23:28
2006,40,Castle Cruisers,,,23:37
2006,41,Trinity Bed Club,,,23:52
2006,42,Bernadette's Heroes,,,24:58
2006,43,Cancer Research UK,,,25:17
2006,44,The Brownie Bunch,,,25:39
2006,45,Aspin Devils,,,25:45
2006,46,Meadowside Maidens,,,27:46
2006,47,The Pink Ladies,,,28:28
2006,48,The Monkey Butlers,,,32:25
2005,1,Harrogate Harriers,,,14:05
2005,2,Bebra Powermen,,,14:54
2005,3,Nidd Valley Racers,,,15:17
2005,4,Guardian Alarms,,,15:31
2005,5,Celtic Warriors,,,15:36
2005,6,Colors,,,15:44
2005,7,Squashed Hearts,,,16:07
2005,8,Link Interchange,,,16:14
2005,9,Shamrock Vet. Clinic,,,16:16
2005,10,Nippers - Boys,,,16:42
2005,11,Tax Dodgers,,,16:49
2005,12,Piccadilly Men,,,17:11
2005,13,Young Life,,,17:13
2005,14,Bebra Beavers,,,17:16
2005,14,Young Ones,,,17:16
2005,15,BEKS Boys,,,17:36
2005,16,Daleside Brewery,,,17:37
2005,17,Piccadilly Plodders,,,18:08
2005,17,The Beefcakes,,,18:08
2005,18,Hair Bear Bunch,,,18:10
2005,19,Meadowside Malingerers,,,18:25
2005,20,SBU Ltd ( male team ),,,18:30
2005,21,The Nifty Six,,,18:56
2005,22,St Marys Golden Girls,,,19:07
2005,23,Ripon Divers,,,19:14
2005,24,Welly Wheelers,,,19:17
2005,25,The Academy,,,19:21
2005,26,Nidd Valley Ladies,,,19:28
2005,27,Nippers- Girls,,,20:18
2005,27,Piccadilly Ladies,,,20:18
2005,28,Aspin Angels,,,20:41
2005,29,Rudding Park,,,20:48
2005,30,Moores Furniture Group Ltd,,,20:50
2005,31,The Stella Tops,,,20:56
2005,32,Knaresborough Rugby Club,,,21:09
2005,33,Navy at MHS,,,21:40
2005,34,Scotton Garage,,,21:44
2005,35,Castle Cruisers,,,21:54
2005,36,Hewden,,,21:58
2005,37,The Doug Haigh Appreciation Society,,,22:00
2005,38,Bebra Ladies,,,22:26
2005,39,The Hairy Ladies,,,23:12
2005,40,Aspin Devils,,,23:13
2005,41,SBU ( ladies team ),,,23:16
2005,42,Feathered Fancies,,,23:42
2005,43,Meadowside Maidens,,,24:28
2005,44,Knaresborough Churches Together,,,24:57
2005,45,Six Pack with Nuts,,,25:17
2005,46,Pink Pumas,,,25:18
2005,47,The Travelling Ladies,,,25:30
2005,48,Kids at Heart,,,25:53
2005,49,Melmerby Youth Club,,,26:50
2005,50,Knaresborough Celtic Ladies,,,27:33
2005,51,Suck It Up,,,32:01
2004,1,HARROGATE HARRIERS,,,13:57
2004,2,SQUASHED BALLS,,,14:18
2004,3,GUARDIAN ALARMS,,,15:44
2004,4,ABBSON STAINLESS,,,15:45
2004,5,CELTIC WARRIORS,,,16:10
2004,6,LOCK STOCK AND SIX FLOATING BARRELS,,,16:13
2004,7,WACKY RACERS,,,16:19
2004,8,SQUASHED HEARTS,,,16:22
2004,9,SHAMROCK VETS,,,16:22
2004,10,THE FELLOWSHIP,,,16:23
2004,11,NIDD VALLEY RACERS,,,16:30
2004,12,WILLY'S WONKAS,,,16:38
2004,13,DALESIDE BREWERY,,,16:38
2004,14,THE BOYZ,,,16:39
2004,15,BEBRA BEAVERS,,,16:54
2004,16,LINK INTERCHANGE,,,16:55
2004,17,PICCADILLY MOTORS LTD,,,17:00
2004,18,KNARESBOROUGH CHURCHES TOGETHER,,,17:12
2004,19,HARROGATE BOXING CLUB,,,17:13
2004,20,CHRIS JONES TAE-KWON-DO SCHOOL,,,17:16
2004,21,MENWITH HILL RUGGERS,,,17:48
2004,22,KRUFC NO.1,,,17:53
2004,23,HAIR BEAR BUNCH,,,17:54
2004,24,MUCKS SHIFTERS,,,18:06
2004,25,YOUNG ONES,,,18:15
2004,26,MOORES FURNITURE GROUP,,,18:27
2004,27,THE WELLY WHEELERS,,,18:32
2004,28,WHITE ROSE CUTTING FORMS,,,18:33
2004,29,ST MARYS GOLDEN GIRLS,,,18:38
2004,30,THE NERO EXPRESS,,,18:45
2004,31,YORKSHIRE DALES CARAVAN CLUB,,,18:54
2004,32,NIDD VALLEY LADIES,,,19:05
2004,33,MOTHER SHIPTON INN,,,19:15
2004,34,THE UGLY DUCKLINGS,,,19:24
2004,35,MHS CONTRACTORS,,,19:33
2004,36,CANDLELIGHTERS ALLSTARS,,,19:51
2004,37,MACKS POWER 11,,,20:18
2004,38,BONE SHAKERS,,,20:57
2004,39,ASPIN ANGELS,,,22:27
2004,40,RAILWAY SLEEPERS,,,22:41
2004,41,CASTLE CRUISERS,,,22:57
2004,42,THE HART,,,23:40
2004,43,THE EUROPCAR EXPRESS,,,25:02
2004,44,BETTYS BED-ROCKING BABES,,,25:15
2004,45,THE PINK PUMAS,,,25:33
2004,46,DALES UNIT DASHERS,,,27:06
2004,47,ASPIN DEVILS,,,27:36
2003,1,HARROGATE HARRIERS,,,14:02
2003,2,SQUASHED BALLS,,,15:11
2003,3,CRAG RATS,,,15:47
2003,4,GUARDIAN ALARMS,,,15:47
2003,5,NIDD VALLEY RACERS,,,15:48
2003,6,SQUASHED HEARTS,,,16:18
2003,7,NIPPERS BALD ROOM DANCERS,,,16:30
2003,8,ABBSON ATHLETIC,,,16:35
2003,9,FOREST SCHOOL FLYERS,,,16:35
2003,10,PICCADILLY MEN,,,16:47
2003,11,SHAMROCK VET. CLINIC,,,16:50
2003,12,LOCK STOCK & SIX FLOATING BARRELS,,,16:55
2003,13,DALESIDE BREWERY PUSHERS,,,17:33
2003,14,WACKY RACERS,,,17:40
2003,15,MARKET MARAUDERS,,,17:42
2003,16,RACING PAWS (POSH PAWS),,,17:46
2003,17,THE BOX,,,17:49
2003,18,HAIR BEAR BUNCH,,,17:54
2003,19,DIESELS COOL RUNNINGS,,,18:02
2003,20,MOTHER SHIPTON INN,,,18:39
2003,21,MOORES FURNITURE GROUP,,,18:52
2003,22,HOSPITAL RUNNING CREW,,,18:59
2003,23,STAUNCH.COM,,,19:07
2003,24,DUKES OF HAZZARD,,,19:11
2003,25,THE WELLY WHEELERS,,,19:16
2003,26,KRUFC (1),,,19:20
2003,27,MISS KELLY'S HEROES,,,19:33
2003,28,NIPPERS FIXIN'VIXENS,,,19:45
2003,29,MHS CONTRACTORS,,,19:49
2003,30,MENWITH HILL RUGGERS,,,19:51
2003,31,FUZZY DUCKS,,,20:03
2003,32,MACK'S POWER,,,20:34
2003,33,YORKSHIRE DALES CARAVAN CLUB,,,20:37
2003,34,MEDWAY DRUNKEN SAILORS,,,20:39
2003,35,ST MARYS GOLDEN GIRLS,,,20:47
2003,36,ASPIN ANGELS,,,21:20
2003,37,ASPIN DEVILS,,,22:05
2003,38,BAYWATCH BABES,,,24:07
2003,39,THE CASTLE CRUISERS,,,24:19
2003,40,NIPPERS BAD GIRLS,,,25:00
2003,41,SIX PACK AND SOME NUTS,,,25:48
2003,42,ST JOHNS YOUTH ONE,,,26:28
2003,43,DUKES OF HAZZARD LL,,,26:58
2003,44,ST JOHNS YOUTH TWO,,,27:36
2003,45,KIDS AT HEART,,,30:34
2003,46,FARNDALE FILLIES,,,30:36
